<?xml version="1.0" encoding="UTF-8"?>
<project-private xmlns="http://www.netbeans.org/ns/project-private/1">
    <editor-bookmarks xmlns="http://www.netbeans.org/ns/editor-bookmarks/2" lastBookmarkId="0"/>
    <open-files xmlns="http://www.netbeans.org/ns/projectui-open-files/2">
        <group>
            <file>file:/C:/xampp/htdocs/GST_git/application/controllers/Gst_admin_login.php</file>
            <file>file:/C:/xampp/htdocs/GST_git/application/controllers/GST_MgmtReport.php</file>
            <file>file:/C:/xampp/htdocs/GST_git/application/views/admin_login.php</file>
            <file>file:/C:/xampp/htdocs/GST_git/application/views/customer/navigation.php</file>
            <file>file:/C:/xampp/htdocs/GST_git/application/controllers/GST_CFO_Dashboard.php</file>
            <file>file:/C:/xampp/htdocs/GST_git/application/views/customer/Sale_state_wise.php</file>
        </group>
    </open-files>
</project-private>
